time,az_deg,el_deg,az_deg_filt,el_deg_filt,az_rate_filt,el_rate_filt
0.0,0.0,0.0,0.0,0.0,0.0,0.0
0.0363636363636363,0.013024728012283,5.6331845131987714,0.006516666856506653,2.818453235962389,0.00023665677086563062,0.10235386530349717
0.0727272727272727,0.0260553777005725,11.159442083468404,0.013061064420531865,5.612259564121649,0.000944969200428838,0.4047275454535855
0.109090909090909,0.0390919517551537,16.48361774609078,0.019671395162001424,8.373225727696672,0.0023536479192112097,0.9930184413655307
0.1454545454545454,0.0521344528665963,21.53090564567812,0.026401494255323114,11.102147115174937,0.004677642616045608,1.9348603758890772
0.1818181818181818,0.0651828837252992,26.250828369737963,0.0333186903603598,13.807355282161044,0.008108371571915568,3.274614467392655
0.2181818181818181,0.0782372470216046,30.616688545000805,0.04050045415376055,16.502290772414007,0.012802609370642783,5.0303635519102725
0.2545454545454545,0.0912975454459683,34.62190425266812,0.04802983769321461,19.202557201590857,0.01887139883017267,7.193102825992927
0.2909090909090909,0.1043637816887894,38.27496663490804,0.055989946871728855,21.922945230249848,0.02637063147931669,9.728101617407042
0.3272727272727272,0.1174359584404101,41.59439790755373,0.06445793075701273,24.67485342844065,0.03529495534763013,12.578254808052524
0.3636363636363636,0.1305140783911156,44.60449204327463,0.07349915242521372,27.46441849385327,0.04557633630011418,15.669088001812842
0.4,0.1435981442311913,47.33210824195435,0.08316226563042782,30.291527273938136,0.05708793327718746,18.914913245040296
0.4363636363636363,0.1566881586509794,49.80447102234812,0.09347582766039886,33.149736274636496,0.06965307676799401,22.22548775838172
0.4727272727272727,0.1697841243406515,52.04778988297433,0.10444684381850014,36.02698962570546,0.08305827563810621,25.512462848112044
0.509090909090909,0.1828860439903792,54.08648227854512,0.11606132116846103,38.906924173114895,0.09706854313472787,28.694962685849262
0.5454545454545454,0.1959939202903342,55.94280882486095,0.128286591671296,41.77049666074739,0.11144308026133758,31.70380133785406
0.5818181818181818,0.2091077559306313,57.63677257437351,0.1410749253499824,44.597668015007365,0.12594951235735438,34.48408966731113
0.6181818181818182,0.2222275536012148,59.1861764259531,0.15436783866373557,47.3689253131795,0.14037535021026618,36.99623915949622
0.6545454545454545,0.2353533159921994,60.60676720429303,0.16810051588134078,50.06649495375721,0.15453597607195765,39.21557949289756
0.6909090909090909,0.2484850457934158,61.912420463651294,0.1822058712767511,52.67517982514806,0.1682790680502515,41.130935992829
0.7272727272727273,0.2616227456948081,63.11533782770164,0.19661794007139852,55.1828216773218,0.18148585123640798,42.74255562485546
0.7636363636363637,0.2747664183860934,64.22624049591964,0.2112744506021859,57.58043773583039,0.19406984695874513,44.05974197808196
0.8,0.2879160665571021,65.25455013395847,0.22611856722002824,59.862105828930225,0.2059738899752279,45.098487714716214
0.8363636363636363,0.3010716928974375,66.20855307351553,0.24109988799973298,62.02467836892298,0.21716614181686644,45.879304290897885
0.8727272727272727,0.3142333000967028,67.09554656116744,0.2561748327545849,64.06739843765278,0.22763570357683466,46.425363896823264
0.9090909090909092,0.3274008908443875,67.92196739696924,0.27130657301726685,65.9914771223037,0.23738827395613077,46.76099935865822
0.9454545454545454,0.3405744678299811,68.6935041477911,0.2864646477382934,67.79967503048694,0.2464421444703361,46.910558404986325
0.9818181818181818,0.3537540337427458,69.41519450434677,0.30162438713131523,69.49591577180631,0.2548246937984999,46.89757826699776
1.018181818181818,0.3669395912720006,70.0915094642825,0.316766240655602,71.08494675455768,0.2625694450409752,46.7442314286133
1.0545454545454545,0.380131143106837,70.72642598539632,0.33187507903509567,72.57205339737071,0.2697136825794852,46.47098907260333
1.0909090909090908,0.3933286919364036,71.32348963607447,0.34693951746553775,73.96282659209977,0.2762965844099547,46.0964513431174
1.1272727272727272,0.4065322404496214,71.8858686181917,0.3619512889465557,75.26297944369101,0.2823578048907014,45.637299785980716
1.1636363636363636,0.4197417913353547,72.41640037650116,0.37690468305238367,76.47820733641271,0.28793643569798233,45.10833500875745
1.2,0.4329573472822972,72.9176318520449,0.39179605588079697,77.6140846636619,0.29307027432907395,44.522570324209696
1.2363636363636363,0.4461789109791994,73.39185429254407,0.40662341061829077,78.67599164730989,0.2977953359251925,43.891359133457215
1.2727272727272727,0.4594064851145276,73.8411334031578,0.4213860443357619,79.6690652173804,0.3021455528584339,43.22453972934954
1.309090909090909,0.4726400723766915,74.26733550713756,0.4360842545813839,80.59816868499226,0.3061526157443703,42.530585984255296
1.3454545454545457,0.4858796754539867,74.67215028716471,0.4507190984974701,81.46787576683363,0.3098459183125881,41.81675610603674
1.3818181818181818,0.4991252970345385,75.05711059330044,0.4652921971241278,82.28246531623996,0.313252576383816,41.08923444678694
1.4181818181818182,0.5123769398064724,75.4236097309992,0.47980557795168227,83.04592383560662,0.31639749786806054,40.3532633966936
1.4545454545454546,0.5256346064576292,75.7729165809867,0.4942615494298353,83.76195346681288,0.3193034862035431,39.613263849267184
1.490909090909091,0.5388982996757363,76.10618885050395,0.5086626018915035,84.4339836770948,0.32199136409255147,38.87294372375434
1.5272727272727271,0.5521680221485212,76.42448471112179,0.5230113301131003,85.06518528346987,0.32448010789417653,38.13539469161432
1.5636363636363635,0.565443776563427,76.72877304083956,0.5373103734580976,85.65848580013437,0.3267869857548243,37.40317766869544
1.6,0.5787255656077832,77.01994245645442,0.5515623702093344,86.21658536258565,0.32892769463867816,36.67839787449232
1.6363636363636365,0.5920133919687487,77.29880929533165,0.5657699232758616,86.74197269180162,0.33091649298964576,35.962770378348594
1.6727272727272726,0.6053072583333687,77.56612468295258,0.5799355749606608,87.23694072281916,0.33276632692322505,35.25767708937938
1.709090909090909,0.6186071673885181,77.82258080332487,0.5940617889002566,87.703601644233,0.3344889487014139,34.56421613095796
1.7454545454545454,0.6319131218209577,78.06881647295774,0.6081509376431654,88.14390118669242,0.3360950268594223,33.88324449225077
1.7818181818181815,0.6452251243172213,78.30542210517805,0.6222052946294462,88.55963206615411,0.3375942477874951,33.2154147826977
1.818181818181818,0.6585431775636152,78.53294413970355,0.6362270295768055,88.95244653691101,0.338995408870126,32.56120684018109
1.8545454545454545,0.6718672842463889,78.75188900227414,0.6502182064776453,89.32386804459895,0.3403065034834362,31.92095486628722
1.8909090909090909,0.6851974470516211,78.96272665050105,0.6641807835732896,89.675301993908,0.3415347982764128,31.294870686596074
1.9272727272727272,0.6985336686650498,79.16589375469609,0.6781166148027886,90.00804566225558,0.34268690323355155,30.68306366277079
1.963636363636364,0.7118759517724698,79.36179655610263,0.6920274523295618,90.32329730127687,0.3437688350505544,30.08555771767821
2.0,0.7252242990592777,79.55081343950218,0.705914949834149,90.62216447423273,0.3447860743624316,29.502305875432604
2.036363636363636,0.7385787132107566,79.73329725248233,0.7197806663296776,90.90567168053316,0.34574361735339487,28.933202665206768
2.0727272727272728,0.7519391969120193,79.90957739961168,0.7336260703110933,91.17476731943111,0.34664602225618774,28.378094690688453
2.109090909090909,0.7653057528479508,80.07996173627537,0.7474525440926926,91.43033004424524,0.3474974512197013,27.836789625787667
2.145454545454545,0.7786783837032658,80.24473828390563,0.7612613882230219,91.67317455672521,0.34830170799098653,27.309063861143454
2.1818181818181817,0.7920570921623948,80.40417678572307,0.7750538258935302,91.90405688875757,0.3490622718233417,26.794668994622715
2.2181818181818183,0.8054418809096546,80.55853011983068,0.7888310072789773,92.12367921579668,0.3497823279876446,26.29333733183452
2.2545454545454544,0.8188327526290777,80.70803558452462,0.8025940137645255,92.33269424339217,0.35046479523045304,25.804786539209534
2.290909090909091,0.8322297100045262,80.8529160689621,0.8163438620277595,92.5317092051098,0.3511123504903975,25.328723571958648
2.327272727272727,0.8456327557196346,80.99338112082148,0.830081507954187,92.72128950710687,0.351727451154311,24.86484798181156
2.363636363636364,0.8590418924577534,81.12962792127396,0.8438078503727858,92.90196205168718,0.35231235510667736,24.412854694471818
2.4,0.8724571229020057,81.26184217643313,0.857523734604297,93.07421826936991,0.3528691388003594,23.97243633387806
2.4363636363636365,0.8858784497354577,81.39019893343752,0.8712299558196379,93.23851688638364,0.3533997135531755,23.543285159341142
2.4727272727272727,0.899305875640664,81.51486332843197,0.8849272622092527,93.39528645205381,0.353905840253634,23.12509467217823
2.5090909090909093,0.9127394033001792,81.63599127293165,0.8986163579669078,93.54492764829537,0.35438914263999266,22.717560940367033
2.5454545454545454,0.9261790353961032,81.75373008436216,0.9122979060931782,93.68781540134563,0.35485111929944935,22.320383682804163
2.581818181818182,0.939624774610536,81.86821906596057,0.9259725310252908,93.82430081397449,0.3552931545187969,21.93326714880585
2.618181818181818,0.9530766236250088,81.97959004068338,0.9396408211007373,93.95471293467666,0.3557165281038836,21.555920823394683
2.6545454545454548,0.96653458512111,82.08796784329019,0.953303330862731,94.07936037877658,0.35612242427282703,21.188059984550307
2.690909090909091,0.97999866178003,82.19347077434924,0.9669605832157151,94.19853281494781,0.3565119397167157,20.82940613486014
2.727272727272727,0.9934688562825612,82.29621101953471,0.9806130714393041,94.3125023293562,0.356886090911636,20.479687326798537
2.763636363636364,1.0069451713094963,82.396295037252,0.9942612610689499,94.42152467846576,0.35724582075698263,20.13863839811224
2.8,1.0204276095411728,82.49382391732892,1.0079055916513897,94.52584044049013,0.35759200460706086,19.806001131430847
2.8363636363636364,1.0339161736576443,82.5888937132459,1.021546478382758,94.62567607451977,0.3579254557559785,19.481524350197006
2.872727272727273,1.0474108663388506,82.68159575014089,1.03518431363689,94.72124489549361,0.35824693042951705,19.164963961273948
2.909090909090909,1.06091169026422,82.77201691061279,1.048819468390993,94.81274797241016,0.3585571323320537,18.85608295309695
2.9454545454545453,1.0744186481130669,82.86023990015737,1.0624522935555554,94.90037495647316,0.3588567167916467,18.554651356954853
2.981818181818182,1.0879317425643649,82.94634349389972,1.0760831212149176,94.98430484523718,0.3591462945419044,18.26044617788802
3.018181818181818,1.1014509762967464,83.03040276613451,1.0897122657846128,95.064706688251,0.3594264351753115,17.97325130074452
3.0545454545454547,1.1149763519886164,83.11248930404805,1.1033400250911978,95.14174023918451,0.35969767029913785,17.69285737612435
3.090909090909091,1.128507872318039,83.19267140687288,1.1169666813799222,95.21555655896353,0.3599604964218865,17.419061690244163
3.1272727272727274,1.1420455399627372,83.27101427161442,1.1305925022552588,95.28629857402058,0.3602153775954223,17.15166802215517
3.163636363636364,1.1555893576001497,83.34758016638916,1.1442177415589758,95.35410159339453,0.3604627478354009,16.89048649123184
3.2,1.1691393279074305,83.42242859232276,1.1578426401901143,95.41909378807246,0.36070301334035804,16.63533339740593
3.2363636363636363,1.1826954535613936,83.49561643487566,1.1714674268709342,95.48139663566155,0.360936554527808,16.386031056239965
3.272727272727273,1.1962577372384544,83.56719810538911,1.18509231886261,95.54112533320213,0.36116372790389367,16.142407630607167
3.309090909090909,1.2098261816149147,83.63722567357786,1.1987175226342062,95.59838918068291,0.36138486778152495,15.904296960463983
3.345454545454545,1.2234007893664511,83.70574899163482,1.2123432344881702,95.65329193759366,0.36160028786047027,15.671538391960189
3.381818181818182,1.2369815631686265,83.7728158105585,1.2259696411454144,95.70593215464575,0.3618102826816066,15.44397660692452
3.418181818181818,1.250568505696549,83.8384718892632,1.2395969202927677,95.75640348260572,0.36201512896633015,15.221461453586285
3.4545454545454546,1.2641616196250425,83.902761096987,1.2532252410954394,95.80479496001954,0.36221508685111214,15.00384777924121
3.4909090909090907,1.2777609076285898,83.96572550947123,1.266854764676898,95.85119128145237,0.3624104010262301,14.790995265439573
3.527272727272728,1.2913663723812192,84.02740549934693,1.2804856445684218,95.89567304773135,0.3626013017868648,14.582768266163152
3.5636363636363635,1.304978016556788,84.08783982113006,1.2941180271304178,95.93831699955255,0.3627880060039988,14.379035649362484
3.6,1.3185958428285858,84.14706569119537,1.3077520519474215,95.97919623570074,0.36297071802185227,14.179670642144652
3.636363636363636,1.332219853869617,84.20511886307028,1.3213878521985924,96.01838041702527,0.36314963048799537,13.984550679832857
3.672727272727273,1.3458500523526595,84.26203369836445,1.3350255550053702,96.05593595722304,0.36332492512170744,13.793557259060295
3.709090909090909,1.3594864409498657,84.31784323362582,1.3486652817578082,96.09192620139214,0.3634967734256457,13.606575795011233
3.7454545454545456,1.3731290223331598,84.37257924339285,1.3623071484210605,96.12641159324285,0.3636653373454548,13.423495482880204
3.7818181818181817,1.3867777991741264,84.42627229969223,1.3759512658233208,96.1594498317805,0.36383076988151636,13.244209163584928
3.8181818181818175,1.4004327741437803,84.47895182821262,1.3895977399264539,96.19109601821059,0.3639932156566742,13.068613193739045
3.8545454545454554,1.414093949913024,84.53064616136874,1.4032466720804857,96.22140279375628,0.36415281144344813,12.896607319866066
3.890909090909091,1.4277613291520763,84.58138258845402,1.4168981592629777,96.25042046902512,0.3643096866539183,12.728094556815593
3.9272727272727272,1.4414349145309302,84.6311874030656,1.430552294304322,96.27819714551171,0.36446396379521817,12.562981070326053
3.963636363636364,1.4551147087191223,84.68008594797338,1.4442091660998388,96.30477882977782,0.3646157588932996,12.401176063664591
4.0,1.46880071438585,84.72810265759112,1.45786885980955,96.33020954081,0.36476518188741974,12.242591668263783
4.036363636363636,1.4824929341997404,84.77526109819802,1.471531457046411,96.35453141101692,0.36491233699758624,12.087142838266148
4.072727272727272,1.4961913708292514,84.82158400604759,1.485197036053762,96.37778478129341,0.3650573230670218,11.934747248880734
4.109090909090909,1.5098960269421582,84.86709332349237,1.4988656718726499,96.40000829054657,0.3652002338815178,11.785325198450959
4.1454545454545455,1.523606905205952,84.91181023324316,1.5125374364996969,96.42123896004982,0.365341158467417,11.63879951412926
4.181818181818182,1.5373240082877828,84.95575519087414,1.5262123990360976,96.44151227296386,0.36548018136980553,11.495095461051658
4.218181818181818,1.5510473388541186,84.99894795567747,1.5398906258282832,96.46086224933869,0.36561738291236745,11.354140654903883
4.254545454545455,1.5647768995712568,85.04140761996399,1.5535721806008045,96.47932151688808,0.3657528394402531,11.215864977770147
4.290909090909091,1.5785126931048694,85.08315263690046,1.5672571245818805,96.49692137780696,0.36588662354718166,11.08020049715575
4.327272727272727,1.5922547221202308,85.1242008469675,1.580945516622088,96.51369187188288,0.3660188042879211,10.947081388075445
4.363636363636363,1.606002989282274,85.1645695031173,1.5946374133066017,96.52966183613486,0.3661494473771892,10.816443858100675
4.4,1.6197574972552502,85.20427529470489,1.6083328690613652,96.54485896119645,0.3662786153759336,10.688226075260436
4.4363636363636365,1.6335182487032398,85.24333437026155,1.6220319362535864,96.55930984464497,0.3664063678658903,10.562368098692412
4.472727272727273,1.6472852462896412,85.28176235917587,1.6357346652868652,96.57304004146472,0.3665327616132283,10.438811811943257
4.509090909090909,1.661058492677455,85.319574392342,1.6494411046912965,96.58607411181896,0.36665785072204665,10.317500858819312
4.545454545454546,1.6748379905292268,85.35678512183276,1.6631513012088368,96.59843566629377,0.36678168677841977,10.19838058169154
4.581818181818182,1.6886237425069908,85.39340873965008,1.6768652998742126,96.61014740876571,0.36690431898563763,10.081397962161217
4.618181818181818,1.7024157512723264,85.42945899560347,1.6905831440916357,96.62123117703506,0.3670257942912399,9.966501563995607
4.654545454545454,1.7162140194863582,85.46494921436256,1.7043048757075643,96.63170798135674,0.3671461575063973,9.853641478245688
4.6909090909090905,1.7300185498096994,85.49989231172857,1.7180305350797402,96.64159804099282,0.36726545141815237,9.74276927046084
4.727272727272728,1.7438293449024511,85.53430081016553,1.7317601611427162,96.65092081890164,0.36738371689499427,9.63383792991821
4.763636363636364,1.757646407424204,85.56818685363027,1.745493791470069,96.65969505467157,0.3675009929862088,9.526801820787343
4.8,1.7714697400340924,85.60156222173791,1.759231462333501,96.66793879580058,0.3676173170154121,9.42161663515345
4.836363636363636,1.7852993453906834,85.63443834329712,1.7729732087589818,96.67566942741543,0.36773272466864493,9.318239347825456
4.872727272727273,1.7991352261521456,85.66682630924771,1.78671906458012,96.68290370051943,0.3678472500773828,9.216628172857696
4.909090909090909,1.8129773849760795,85.69873688503067,1.8004690624889,96.68965775885127,0.3679609258967846,9.116742521716818
4.945454545454545,1.82682582451946,85.73018052242008,1.8142232340839382,96.69594716443254,0.3680737833794856,9.018542963028002
4.9818181818181815,1.8406805474388648,85.76116737084332,1.8279816099163995,96.7017869218766,0.3681858524452188,8.921991183837214
5.0181818181818185,1.854541556390302,85.79170728821556,1.841744219533692,96.70719150152713,0.36829716174652444,8.827049952328643
5.054545454545455,1.8684088540292687,85.82180985131248,1.855511091521066,96.7121748614902,0.3684077387307941,8.733683081938883
5.090909090909091,1.882282443010752,85.85148436570397,1.8692822535412328,96.71675046862015,0.3685176096988765,8.64185539681175
5.127272727272727,1.8961623259891096,85.88073987527038,1.8830577323720998,96.72093131851545,0.3686267998604564,8.551532698539866
5.163636363636364,1.910048505618136,85.90958517132155,1.896837553942733,96.72472995457782,0.3687353333864059,8.462681734141352
5.2,1.9239409845512228,85.93802880133781,1.9106217433676387,96.7281584861842,0.36884323345829356,8.375270165222025
5.236363636363636,1.93783976544114,85.96607907735101,1.9244103249794502,96.73122860601869,0.36895052231521946,8.289266538275548
5.2727272727272725,1.9517448509399744,85.99374408398285,1.9382033223600967,96.73395160660839,0.36905722129813956,8.204640256075951
5.3090909090909095,1.9656562436994705,86.02103168615665,1.9520007583705539,96.73633839610467,0.36916335089183133,8.121361550118786
5.345454545454546,1.9795739463706357,86.04794953649795,1.9658026551792223,96.73839951334905,0.36926893076463574,8.039401454069012
5.381818181818182,1.9934979616039072,86.07450508243836,1.9796090342890273,96.7401451422604,0.3693739798061107,7.958731778175425
5.418181818181818,2.007428292049269,86.10070557303662,1.9934199165632964,96.74158512557817,0.369478516162718,7.879325084613154
5.454545454545454,2.0213649403560225,86.12655806552958,2.0072353222504717,96.74272897799439,0.369582557271656,7.801154663717307
5.490909090909091,2.0353079091729,86.15206943162596,2.021055271007726,96.74358589870536,0.36968611989294764,7.724194511072402
5.527272727272727,2.049257201148066,86.17724636355402,2.0348797819235283,96.74416478341192,0.3697892201398833,7.648419305423725
5.563636363636364,2.06321281892906,86.20209537987476,2.048708873539221,96.74447423579602,0.3698918735079125,7.5738043873781296
5.6,2.0771747651627948,86.22662283107081,2.062542563869648,96.74452257849937,0.3699940949020727,7.500325738863172
5.636363636363637,2.0911430424957302,86.25083490492132,2.076380870422893,96.7443178636287,0.37009589866303877,7.427959963314784
5.672727272727273,2.1051176535734726,86.27473763167204,2.09022381021915,96.74386788281073,0.37019729859186734,7.3566842665649155
5.709090909090909,2.1190986010412303,86.29833688900992,2.104071399808797,96.74318017681901,0.37029830797351415,7.286476438401781
5.745454545454545,2.133085887543473,86.3216384068506,2.11792365528969,96.7422620447928,0.37039893959918696,7.217314834776491
5.781818181818182,2.1470795157241014,86.34464777194695,2.131780592323721,96.7411205530681,0.3704992057876021,7.149178360630932
5.818181818181818,2.161079488226392,86.36737043232652,2.1456422261526806,96.739762543639,0.3705991184052029,7.0820464533228344
5.854545454545455,2.1750858076928807,86.38981170156502,2.159508571613449,96.73819464226705,0.37069868888539625,7.01589906662492
5.890909090909091,2.1890984767655937,86.41197676290328,2.1733796431525554,96.73642326625507,0.3707979282468629,6.950716655276044
5.927272727272728,2.2031174980858736,86.4338706732137,2.1872554548401353,96.73445463190147,0.37089684711098836,6.886480160063115
5.963636363636364,2.2171428742944386,86.45549836682325,2.2011360203833052,96.73229476164948,0.3709954557184632,6.823170993413485
6.0,2.2311746080312678,86.47686465919844,2.21502135313899,96.72994949094591,0.3710937639450962,6.760771025478316
6.036363636363636,2.2452127019357704,86.49797425049842,2.228911466126231,96.72742447482246,0.3711917813168831,6.699262570688281
6.072727272727272,2.259257158646676,86.51883172900145,2.242806372037987,96.72472519421244,0.3712895170243687,6.638628374763658
6.109090909090909,2.2733079808020875,86.53944157441019,2.2567060832524652,96.72185696201501,0.37138697993634073,6.578851602161694
6.1454545454545455,2.287365171039255,86.5598081610405,2.2706106118439897,96.71882492891812,0.3714841786128876,6.519915823944741
6.181818181818182,2.3014287319950317,86.57993576089866,2.284519969593445,96.7156340889914,0.3715811213178577,6.461805006053406
6.218181818181818,2.315498666305416,86.59982854665174,2.2984341679982974,96.71228928505879,0.3716778160307458,6.40450349796956
6.254545454545455,2.329574976605727,86.61949059449479,2.3123532182822215,96.7087952138613,0.3717742704580386,6.347996021754689
6.290909090909091,2.3436576655306,86.63892588691984,2.3262771314043498,96.7051564310186,0.37187049204404726,6.292267661449652
6.327272727272727,2.357746735713988,86.65813831538989,2.3402059180681616,96.7013773557988,0.3719664879812514,6.237303852822482
6.363636363636363,2.37184218978922,86.67713168292208,2.354139588730026,96.69746227570448,0.3720622652201809,6.183090373451397
6.4,2.385944030388828,86.69590970658345,2.368078153607413,96.6934153508831,0.37215783047885603,6.129613333130727
6.4363636363636365,2.400052260144605,86.71447601990279,2.3820216226867883,96.68924061836937,0.3722531902518105,6.076859164587927
6.472727272727273,2.414166881687777,86.73283417520177,2.395970005731209,96.68494199616688,0.37234835081871714,6.024814614500339
6.509090909090909,2.4282878976487154,86.75098764584858,2.4099233122876282,96.68052328717582,0.372443318252635,5.973466734800835
6.545454545454546,2.442415310657111,86.76893982843693,2.4238815516939227,96.67598818297327,0.3725380984278972,5.922802874261863
6.581818181818182,2.456549123341915,86.78669404489351,2.437844733085657,96.67134026745245,0.3726326970276573,5.872810670347882
6.618181818181818,2.470689338331397,86.80425354451626,2.4518128654025957,96.66658302032685,0.37272711955111,5.823478041326533
6.654545454545454,2.4848359582529724,86.82162150594658,2.4657859573949654,96.66171982050484,0.372821371320402,5.774793178629296
6.6909090909090905,2.498988985733547,86.83880103907738,2.4797640176295,96.65675394934017,0.37291545748724914,5.726744539452739
6.727272727272728,2.5131484233989454,86.85579518689997,2.493747054495242,96.65168859376362,0.3730093830392703,5.679320839591819
6.763636363636364,2.5273142738745378,86.87260692729159,2.507735076209148,96.64652684930054,0.37310315280605705,5.6325110464970125
6.8,2.541486539784785,86.88923917474608,2.5217280908214854,96.64127172297916,0.373196771464986,5.586304372547412
6.836363636363636,2.555665223753408,86.90569478204974,2.535726106221026,96.63592613613395,0.3732902435467893,5.5406902685321775
6.872727272727273,2.5698503284033336,86.9219765419042,2.5497291301400606,96.63049292710846,0.3733835734408934,5.495658417333079
6.909090909090909,2.584041856356862,86.93808718849851,2.563737170159228,96.62497485386157,0.37347676540053787,5.45119872780111
6.945454545454545,2.5982398102353272,86.95402939903225,2.577750233712175,96.61937459648118,0.37356982354768187,5.4073013288204415
6.9818181818181815,2.612444192659325,86.96980579519108,2.591768328090043,96.61369475960883,0.37366275187771125,5.363956563553239
7.0181818181818185,2.626655006248768,86.98541894457698,2.6057914604458094,96.60793787477921,0.37375555426395385,5.321154983859107
7.054545454545455,2.6408722536227174,87.00087136209444,2.61981963779846,96.60210640267735,0.37384823446201143,5.2788873448831755
7.090909090909091,2.6550959373993805,87.01616551129436,2.633852867037026,96.59620273531735,0.37394079611391673,5.23714459980706
7.127272727272727,2.6693260601962265,87.03130380567683,2.647891154924476,96.59022919814527,0.37403324275212435,5.195917894757148
7.163636363636364,2.6835626246299285,87.04628860995479,2.6619345081014743,96.58418805206941,0.3741255778033422,5.155198563864879
7.2,2.6978056333163067,87.0611222412794,2.675982933090006,96.57808149542068,0.37421780459221055,5.114978124473875
7.236363636363636,2.712055088870329,87.07580697042889,2.69003643629688,96.57191166584587,0.3743099263448353,5.075248272488984
7.272727272727272,2.726310993906281,87.09034502296169,2.704095024017115,96.56568064213631,0.37440194619218364,5.036000877862473
7.309090909090909,2.740573351037426,87.10473858033566,2.718158702437203,96.55939044599441,0.374493867173345,4.9972279802127915
7.345454545454546,2.7548421628764004,87.11898978099407,2.7322274776382676,96.55304304374053,0.3745856922386665,4.958921784571488
7.381818181818182,2.769117432034818,87.13310072141971,2.7463013555991127,96.54664034796244,0.37467742425276584,4.921074657254039
7.418181818181818,2.7833991611235547,87.14707345715814,2.760380342199172,96.54018421910939,0.3747690659974285,4.88367912185049
7.454545454545454,2.797687352752689,87.16091000381142,2.7744644432213583,96.53367646703312,0.37486062017439375,4.846727855331968
7.490909090909091,2.811982009531277,87.17461233800259,2.788553664354813,96.52711885247754,0.37495208940803343,4.810213684269274
7.527272727272727,2.826283134067694,87.18818239831282,2.8026480111975753,96.52051308851935,0.3750434762479301,4.7741295811598805
7.5636363636363635,2.840590728969346,87.20162208619139,2.8167474892591526,96.51386084196088,0.3751347831713564,4.738468660859825
7.6,2.854904796842732,87.21493326683981,2.8308521039630126,96.50716373467756,0.37522601258566146,4.70322417711709
7.636363636363637,2.869225340293667,87.22811777007082,2.844961860648994,96.5004233449212,0.37531716683056854,4.6683895192031954
7.672727272727273,2.883552361926945,87.24117739114303,2.8590767645756348,96.49364120858088,0.3754082481803857,4.633958208639837
7.709090909090909,2.8978858643463923,87.25411389157208,2.873196820922428,96.48681882040306,0.37549925884613466,4.599923896017543
7.745454545454545,2.912225850155153,87.26692899991919,2.8873220347920054,96.47995763517233,0.3755902009776018,4.566280357903395
7.781818181818182,2.926572321955348,87.27962441255754,2.901452411212251,96.47305906885414,0.37568107666531264,4.533021493834983
7.818181818181818,2.940925282348246,87.29220179441751,2.9155879551383435,96.46612449970102,0.3757718879424343,4.500141323397876
7.8545454545454545,2.9552847339342065,87.30466277971125,2.9297286714547393,96.45915526932353,0.3758626367866089,4.467633983383949
7.890909090909091,2.969650679312622,87.31700897263737,2.9438745649770874,96.45215268372723,0.3759533251217196,4.435493725028047
7.927272727272728,2.984023121082032,87.32924194806631,2.9580256404540877,96.44511801431688,0.3760439548195935,4.403714911320516
7.963636363636364,2.998402061840011,87.34136325220703,2.972181902569289,96.43805249886888,0.37613452770164324,4.372292014393239
8.0,3.0127875041833363,87.35337440325557,2.986343355942834,96.43095734247346,0.37622504554044944,4.341219612976894
8.036363636363637,3.027179450707706,87.36527689202623,3.000510005133146,96.42383371844716,0.3763155100612869,4.310492389927214
8.072727272727272,3.041577904007852,87.37707218256557,3.014681854638561,96.41668276921706,0.376405922943596,4.280105129818144
8.10909090909091,3.055982866677823,87.38876171275008,3.0288589088989246,96.40950560717762,0.37649628582240374,4.250052716599807
8.145454545454545,3.0703943413103616,87.40034689486802,3.043041172297114,96.40230331552091,0.3765866002896925,4.220330131319324
8.181818181818182,3.0848123304975843,87.41182911618557,3.057228649160542,96.39507694904142,0.37667686789572274,4.190932449902541
8.218181818181819,3.099236836830471,87.42320973949832,3.071421343762593,96.38782753491616,0.37676709015030857,4.161854840994831
8.254545454545454,3.1136678628990357,87.4344901036679,3.085619260324025,96.38055607346092,0.376857268524049,4.133092563859174
8.290909090909091,3.128105411292438,87.44567152414497,3.099822403014333,96.37326353886358,0.3769474044495172,4.104640966329781
8.327272727272728,3.14254948459876,87.45675529347815,3.1140307759530623,96.36595087989507,0.37703749932240815,4.076495482819602
8.363636363636363,3.1570000854051727,87.46774268181008,3.1282443832110878,96.35861902059897,0.3771275545026475,4.048651632380084
8.4,3.1714572162977674,87.47863493736044,3.1424632288118555,96.35126886096039,0.3772175713154618,4.021105016811648
8.436363636363636,3.18592087986184,87.4894332868966,3.1566873167325853,96.34390127755464,0.37730755105241354,3.993851318823342
8.472727272727273,3.2003910786814345,87.50013893619224,3.1709166509054403,96.33651712417664,0.3773974949723995,3.9668863002402426
8.50909090909091,3.214867815339801,87.51075307047421,3.185151235218658,96.32911723245162,0.3774874043026172,3.940205800257167
8.545454545454545,3.229351092419165,87.52127685485809,3.199391073517653,96.32170241242758,0.37757728023949777,3.913805733737358
8.581818181818182,3.243840912500559,87.5317114347726,3.2136361696060853,96.3142734531504,0.3776671239496076,3.8876820895548034
8.618181818181819,3.2583372781642765,87.54205793637347,3.227886527246896,96.30683112322188,0.3777569365705209,3.861830928978924
8.654545454545454,3.272840191989303,87.55231746694686,3.2421421501633145,96.29937617134146,0.37784671921166196,3.8362483841003945
8.690909090909091,3.287349656553886,87.56249111530263,3.2564030420398415,96.29190932683214,0.3779364729551212,3.810930656296903
8.727272727272727,3.301865674435021,87.57257995215794,3.270669206523192,96.28443130015096,0.378026198856443,3.7858740147376952
8.763636363636364,3.316388248208739,87.58258503051115,3.2849406472232254,96.27694278338477,0.37811589794538825,3.7610747949257863
8.8,3.330917380450046,87.5925073860068,3.2992173677138363,96.26944445073161,0.37820557122667237,3.7365293972767555
8.836363636363636,3.3454530737329264,87.60234803729126,3.3134993715338306,96.26193695896815,0.3782952196806789,3.712234285733082
8.872727272727273,3.359995330630227,87.61210798635992,3.32778666218777,96.25442094790381,0.37838484426415003,3.688185986413006
8.909090909090908,3.374544153713771,87.62178821889584,3.3420792431467943,96.24689704082171,0.378474445910855,3.6643810862929347
8.945454545454545,3.389099545554416,87.63138970460011,3.356377117849425,96.23936584490721,0.37856402553223734,3.6408162319224404
8.981818181818182,3.4036615087217683,87.6409133975143,3.370680289702339,96.23182795166414,0.3786535840180408,3.6174881281709403
9.018181818181818,3.418230045784526,87.65036023633513,3.384988762081126,96.22428393731916,0.37874312223691575,3.5943935370051556
9.054545454545456,3.432805159310192,87.65973114472149,3.399302538331026,96.2167343632149,0.37883264103700637,3.5715292762964963
9.090909090909092,3.44738685186519,87.66902703159434,3.413621621767637,96.20917977619176,0.37892214124651896,3.5488922186575333
9.127272727272729,3.461975126014977,87.67824879142916,3.427946015677621,96.20162070895927,0.3790116236742731,3.5264792903067472
9.163636363636364,3.47656998432376,87.68739730454173,3.4422757233193706,96.19405768045672,0.37910108911023455,3.504287469960773
9.2,3.491171429354779,87.69647343736708,3.456610747923674,96.18649119620407,0.37919053832603244,3.482313787753378
9.236363636363636,3.505779463670024,87.7054780427317,3.4709510926943508,96.17892174864281,0.37927997207545955,3.4605553241804374
9.272727272727272,3.520394089830461,87.71441196011976,3.485296760808873,96.17134981746752,0.3793693910949577,3.439009209070197
9.309090909090909,3.53501531039592,87.72327601593267,3.499647755418979,96.16377586994824,0.3794587961040881,3.4176726205781267
9.345454545454546,3.549643127925151,87.7320710237429,3.514004079651253,96.15620036124393,0.3795481878059871,3.3965427842056988
9.38181818181818,3.5642775449756527,87.74079778454183,3.5283657366077046,96.14862373470731,0.3796375668878077,3.3756169718424385
9.418181818181818,3.578918564103901,87.7494570869818,3.542732729366331,96.14104642218143,0.37972693402114815,3.3548925008306183
9.454545454545457,3.5935661878651786,87.75804970761281,3.5571050609816517,96.13346884428798,0.37981628986246735,3.3343667330519833
9.49090909090909,3.608220418813687,87.76657641111352,3.571482734485244,96.12589141070787,0.37990563505348757,3.3140370740359186
9.527272727272727,3.6228812595023214,87.7750379505172,3.58586575288626,96.11831452045426,0.3799949702215848,3.29390097208848
9.563636363636364,3.63754871248301,87.78343506743244,3.6002541191719253,96.11073856213802,0.3800842959801681,3.273955917441733
9.6,3.652222780306317,87.79176849225883,3.614647836308025,96.10316391422614,0.38017361292904656,3.2541994414228603
9.636363636363637,3.666903465521898,87.80003894439794,3.6290469072393905,96.09559094529318,0.38026292165478676,3.2346291156425098
9.672727272727272,3.681590770677929,87.80824713245931,3.6434513348903503,96.08802001426592,0.3803522227310578,3.215242551201879
9.709090909090907,3.696284698321677,87.81639375446207,3.657861122165193,96.08045147066156,0.38044151671896786,3.19603739791804
9.745454545454546,3.710985250998988,87.82447949803189,3.6722762719486024,96.07288565481947,0.38053080416738955,3.177011343567021
9.78181818181818,3.725692431254743,87.83250504059363,3.686696787106083,96.06532289812685,0.38062008561327654,3.1581621131441904
9.818181818181818,3.7404062416324,87.84047104955967,3.7011226704843883,96.05776352323836,0.38070936158197033,3.13948746814148
9.854545454545455,3.755126684674394,87.8483781825142,3.7155539249119167,96.05020784428997,0.38079863258749863,3.120985205841018
9.89090909090909,3.769853762921855,87.85622708739334,3.7299905531991167,96.04265616710713,0.3808878991328646,3.1026531586247414
9.927272727272728,3.784587478914773,87.86401840266126,3.744432558138873,96.03510878940754,0.3809771617103281,3.084489193299577
9.963636363636365,3.7993278351917183,87.87175275748272,3.7588799425068786,96.02756600099856,0.3810664208016782,3.0664912104377886
10.0,3.814074834290352,87.87943077189156,3.7733327090620086,96.0200280839694,0.38115567687849894,3.0486571437321044
10.036363636363635,3.828828478746857,87.88705305695571,3.7877908605466772,96.0124953128784,0.38124493040242646,3.0309849593652407
10.072727272727272,3.843588771096222,87.89462021493858,3.802254399687187,96.00496795493545,0.3813341818253991,3.013472655393459
10.10909090909091,3.858355713872242,87.90213283945697,3.816723329194068,95.99744627017951,0.38142343158990066,2.9961182611437986
10.145454545454545,3.873129309607407,87.90959151563565,3.8311976517624142,95.98993051165174,0.3815126801291966,2.9789198366246374
10.181818181818182,3.887909560833066,87.91699682025863,3.845677370072208,95.98242092556404,0.38160192786756353,2.961875471949244
10.21818181818182,3.9026964700791495,87.92434932191708,3.860162486788633,95.97491775146335,0.3816911752205122,2.944983286771996
10.254545454545454,3.917490039874451,87.93164958115428,3.8746530045623837,95.96742122239156,0.3817804225950045,2.928241429736943
10.290909090909093,3.9322902727464,87.93889815060747,3.889148926029975,95.95993156504163,0.38186967038966396,2.9116480779384073
10.327272727272728,3.9470971712211735,87.94609557514661,3.9036502538140216,95.95244899990931,0.38195891899498086,2.8952014363933256
10.363636363636363,3.961910737823701,87.95324239201037,3.918156990523538,95.94497374144144,0.3820481687935114,2.87889973752503
10.4,3.976730975077544,87.96033913093913,3.9326691387542123,95.93750599818016,0.3821374201600713,2.8627412406581954
10.436363636363636,3.991557885505074,87.96738631430534,3.947186701088679,95.93004597290357,0.38222667346192446,2.84672423152467
10.472727272727273,4.006391471627239,87.97438445724113,3.9617096800967895,95.92259386276292,0.38231592905896583,2.8308470217799258
10.50909090909091,4.021231735963738,87.98133406776319,3.976238078335869,95.91514985941619,0.38240518730389994,2.8151079485298633
10.545454545454543,4.036078681033018,87.98823564689518,3.990771898350972,95.90771414915844,0.3824944485424141,2.7995053738677216
10.581818181818182,4.050932309352106,87.99508968878767,4.005311142675135,95.90028691304884,0.382583713113347,2.7840376844208428
10.61818181818182,4.065792623436664,88.00189668083539,4.019855813829608,95.89286832703452,0.3826729813488528,2.768703290907056
10.654545454545454,4.080659625801218,88.00865710379239,4.034405914324099,95.88545856207128,0.38276225357456106,2.7535006277004435
10.690909090909091,4.095533318958758,88.01537143188459,4.048961446657009,95.87805778424145,0.3828515301097317,2.7384281524062617
10.727272727272728,4.110413705421024,88.02204013292024,4.063522413315651,95.87066615486866,0.38294081126740653,2.7234843454448003
10.763636363636364,4.125300787698336,88.02866366839802,4.078088816776466,95.86328383062981,0.3830300973545561,2.708667709643963
10.8,4.140194568299819,88.03524249361304,4.092660659505255,95.85591096366439,0.38311938867222356,2.693976769840356
10.836363636363636,4.155095049733006,88.04177705776067,4.10723794395737,95.84854770168084,0.38320868551566334,2.6794100724886913
10.872727272727271,4.170002234504239,88.0482678040383,4.121820672577933,95.84119418806067,0.38329798817447747,2.664966185279295
10.909090909090908,4.184916125118434,88.05471516974512,4.136408847802036,95.83385056195964,0.3833872969327477,2.650643696763538
10.945454545454544,4.199836724079034,88.0611195863798,4.151002472054927,95.82651695840671,0.383476612069164,2.636441215986994
10.981818181818182,4.214764033888287,88.06748147973636,4.165601547752214,95.81919350840055,0.38356593385715027,2.6223573721301494
11.018181818181818,4.229698057046903,88.07380126999807,4.180206077300044,95.81188033900354,0.38365526256498617,2.6083908141564796
11.054545454545456,4.244638796054176,88.08007937182954,4.194816063095294,95.80457757343368,0.38374459845592607,2.5945402104677266
11.090909090909092,4.259586253408145,88.08631619446697,4.20943150752574,95.79728533115414,0.3838339417883152,2.580804248566205
11.127272727272729,4.274540431605203,88.0925121418067,4.224052412970243,95.79000372796077,0.3839232928157019,2.567181634723971
11.163636363636364,4.289501333140606,88.09866761249187,4.238678781798914,95.78273287606723,0.3840126517869484,2.5536710936587
11.2,4.304468960507961,88.10478299999765,4.25331061637328,95.77547288418845,0.3841020189463371,2.5402713682161138
11.236363636363636,4.319443316199568,88.11085869271463,4.267947919046455,95.76822385762178,0.38419139453367573,2.526981219058805
11.272727272727272,4.334424402706247,88.11689507403064,4.282590692163292,95.7609858983263,0.3842807787843985,2.513799424361314
11.309090909090909,4.349412222517401,88.12289252241094,4.297238938060544,95.75375910500024,0.3843701719296656,2.5007247795113146
11.345454545454546,4.364406778120895,88.12885141147714,4.311892659067015,95.74654357315656,0.38445957419645965,2.4877560968167645
11.38181818181818,4.37940807200323,88.13477211008417,4.326551857503709,95.73933939519664,0.38454898580768004,2.47489220521889
11.418181818181818,4.394416106649544,88.1406549823962,4.341216535683986,95.73214666048236,0.3846384069822349,2.462131950010867
11.454545454545457,4.409430884543212,88.14650038796086,4.35588669591369,95.72496545540632,0.38472783793513016,2.4494741925620733
11.49090909090909,4.424452408166474,88.15230868178215,4.370562340491297,95.7177958634605,0.3848172788775574,2.436917810047781
11.527272727272727,4.4394806799998605,88.15808021439192,4.385243471708057,95.71063796530325,0.3849067300169787,2.424461695184172
11.563636363636364,4.454515702522542,88.16381533192016,4.399930091848118,95.70349183882472,0.38499619155720977,2.4121047559685507
11.6,4.469557478212039,88.16951437616372,4.4146222031886655,95.69635755921072,0.38508566369850056,2.3998459154246428
11.636363636363637,4.4846060095446205,88.17517768465392,4.429319808000049,95.68923519900514,0.3851751466376149,2.387684111352861
11.672727272727272,4.499661298994852,88.18080559072293,4.444022908545902,95.68212482817077,0.3852646405679069,2.3756182960854315
11.709090909090907,4.514723349035819,88.1863984235687,4.458731507083276,95.67502651414891,0.3853541456793963,2.363647436246271
11.745454545454546,4.529792162139188,88.19195650831901,4.473445605862753,95.66794032191737,0.385443662158842,2.3517705125155066
11.78181818181818,4.544867740775032,88.19748016609398,4.48816520712856,95.66086631404723,0.3855331901898133,2.3399865193985403
11.818181818181818,4.559950087411835,88.2029697140677,4.5028903131187,95.65380455075831,0.3856227299527596,2.328294464999553
11.854545454545455,4.575039204516713,88.20842546552868,4.517620926065047,95.64675508997325,0.38571228162507887,2.316693370799356
11.89090909090909,4.590135094555023,88.21384772993899,4.532357048193468,95.6397179873704,0.3858018453811837,2.3051822714374874
11.927272727272728,4.605237759990814,88.21923681299265,4.547098681723929,95.63269329643548,0.38589142139256644,2.293760214498467
11.963636363636365,4.620347203286428,88.22459301667266,4.5618458288706,95.62568106851204,0.3859810098278625,2.282426260302115
12.0,4.635463426902618,88.2299166393072,4.576598491841957,95.61868135285071,0.3860706108529118,2.2711794816978497
12.036363636363635,4.650586433298713,88.23520797562469,4.591356672840892,95.61169419665748,0.3861602246308195,2.26001896386287
12.072727272727272,4.665716224932339,88.2404673168079,4.606120374064802,95.60471964514058,0.38624985132201467,2.24894380410415
12.10909090909091,4.680852804259644,88.24569495054712,4.620889597705694,95.59775774155658,0.3863394910843078,2.237953111664155
12.145454545454545,4.695996173735068,88.25089116109231,4.6356643459502775,95.59080852725528,0.38642914407294693,2.2270460075301997
12.181818181818182,4.711146335811577,88.2560562293044,4.650444620980061,95.58387204172358,0.38651881044067243,2.2162216242473747
12.21818181818182,4.726303292940429,88.26119043270555,4.665230424971442,95.5769483226284,0.38660849033777056,2.20547910573496
12.254545454545454,4.7414670475714615,88.26629404552871,4.680021760095796,95.57003740585856,0.3866981839121259,2.194817607106255
12.290909090909093,4.756637602152637,88.27136733876605,4.694818628519569,95.56313932556579,0.3867878913092721,2.184236294491749
12.327272727272728,4.771814959130552,88.2764105802168,4.709621032404359,95.55625411420466,0.38687761267244203,2.1737343448655633
12.363636363636363,4.786999120950043,88.28142403453404,4.724428973907002,95.54938180257184,0.38696734814261635,2.1633109458750948
12.4,4.802190090054296,88.2864079632708,4.739242455179658,95.54252241984423,0.38705709785857106,2.1529652956737944
12.436363636363636,4.817387868884907,88.29136262492524,4.754061478369891,95.53567599361638,0.38714686195692405,2.142696602757013
12.472727272727273,4.832592459881937,88.29628827498516,4.768886045620747,95.52884254993698,0.38723664057218066,2.1325040858008517
12.50909090909091,4.84780386548357,88.30118516597166,4.783716159070835,95.5220221133446,0.38732643383677784,2.122386973503951
12.545454545454543,4.863022088126456,88.30605354748205,4.798551820854397,95.5152147069026,0.38741624188112755,2.1123445044321616
12.581818181818182,4.878247130245654,88.31089366623205,4.813393033101398,95.5084203522332,0.38750606483365946,2.1023759268660336
12.61818181818182,4.89347899427446,88.31570576609721,4.828239797937583,95.50163906955089,0.387595902820862,2.092480498651066
12.654545454545454,4.908717682644408,88.32049008815366,4.843092117484556,95.49487087769496,0.3876857559673228,2.08265748705066
12.690909090909091,4.923963197785611,88.32524687071817,4.857949993859859,95.4881157941615,0.38777562439576885,2.0729061686017203
12.727272727272728,4.939215542126192,88.3299763493875,4.872813429177027,95.48137383513442,0.3878655082271044,2.0632258289728496
12.763636363636364,4.954474718092797,88.33467875707697,4.887682425545666,95.47464501551602,0.38795540758044944,2.0536157628250806
12.8,4.96974072811031,88.33935432405872,4.902556985071518,95.46792934895673,0.3880453225731763,2.0440752736751
12.836363636363636,4.985013574601851,88.34400327799881,4.917437109856526,95.46122684788429,0.38813525332094595,2.0346036737609037
12.872727272727271,5.000293259988837,88.3486258439942,4.932322801998898,95.45453752353218,0.3882251999377432,2.0252002839098453
12.909090909090908,5.015579786691035,88.35322224460873,4.94721406359317,95.4478613859675,0.3883151625359114,2.0158644334090168
12.945454545454544,5.03087315712645,88.3577926999087,4.962110896730269,95.44119844411821,0.3884051412261864,2.0065954598779254
12.981818181818182,5.0461733737112695,88.36233742749778,4.977013303497577,95.43454870579974,0.3884951361177291,1.9973927091434118
13.018181818181818,5.061480438860087,88.36685664255131,4.99192128597898,95.42791217774104,0.38858514731815846,1.9882555351167697
13.054545454545456,5.07679435498568,88.37135055785019,5.006834846254942,95.42128886561005,0.38867517493358256,1.9791832996730185
13.090909090909092,5.092115124498946,88.37581938381392,5.021753986402549,95.41467877403863,0.38876521906862965,1.9701753725322904
13.127272727272729,5.107442749809252,88.38026332853335,5.036678708495574,95.4080819066469,0.3888552798264788,1.961231131143284
13.163636363636364,5.12277723332403,88.38468259780277,5.0516090146045265,95.40149826606704,0.38894535730888896,1.952349960568748
13.2,5.138118577449006,88.38907739515152,5.066544906796712,95.39492785396666,0.38903545161622843,1.9435312533729525
13.236363636363636,5.15346678458809,88.393447921875,5.081486387136284,95.38837067107154,0.38912556284750277,1.9347744095111075
13.272727272727272,5.168821857143428,88.39779437706527,5.096433457684292,95.38182671718793,0.3892156911003828,1.9260788362206915
13.309090909090909,5.184183797515345,88.40211695764107,5.111386120498739,95.37529599122438,0.3893058364712316,1.9174439479146521
13.345454545454546,5.199552608102351,88.40641585837743,5.12634437763463,95.36877849121302,0.38939599905513117,1.9088691660764414
13.38181818181818,5.214928291301305,88.41069127193468,5.141308231144018,95.36227421433045,0.3894861789459085,1.9003539191568497
13.418181818181818,5.230310849506964,88.41494338888715,5.156277683076063,95.3557831569182,0.3895763762361606,1.891897642472603
13.454545454545457,5.245700285112548,88.4191723977512,5.171252735477066,95.34930531450264,0.38966659101728,1.8834997781066898
13.49090909090909,5.261096600509234,88.42337848501307,5.186233390390523,95.34284068181448,0.38975682337947876,1.8751597748103823
13.527272727272727,5.2764997980864905,88.42756183515594,5.201219649857178,95.33638925280793,0.38984707341181224,1.8668770879069205
13.563636363636364,5.291909880231913,88.43172263068695,5.216211515915054,95.3299510206794,0.3899373412022028,1.8586511791968254
13.6,5.307326849331162,88.43586105216333,5.231208990599508,95.32352597788574,0.39002762683746234,1.8504815168648112
13.636363636363637,5.32275070776825,88.43997727821863,5.246212075943274,95.31711411616216,0.390117930403315,1.8423675753882642
13.672727272727272,5.338181457925089,88.44407148558803,5.2612207739765005,95.31071542653974,0.3902082519844188,1.8343088354472594
13.709090909090907,5.353619102181881,88.44814384913364,5.276235086726798,95.30432989936254,0.3902985916643873,1.8263047838360844
13.745454545454546,5.369063642916842,88.45219454186913,5.29125501621928,95.29795752430437,0.39038894952581066,1.8183549133762416
13.78181818181818,5.384515082506425,88.45622373498419,5.306280564476597,95.29159829038512,0.39047932565027604,1.8104587228309013
13.818181818181818,5.3999734233250365,88.46023159786837,5.321311733518991,95.28525218598693,0.39056972011838786,1.8026157168207773
13.854545454545455,5.415438667745377,88.46421829813478,5.336348525364318,95.27891919886974,0.39066013300978775,1.7948254057413977
13.89090909090909,5.430910818138159,88.46818400164324,5.3513909420281,95.27259931618676,0.3907505644031737,1.7870873056817451
13.927272727272728,5.446389876872047,88.47212887252319,5.3664389855235575,95.26629252449942,0.3908410143763189,1.7794009383442393
13.963636363636365,5.461875846313944,88.47605307319607,5.381492657861645,95.25999880979214,0.3909314830060906,1.7717658309660382
14.0,5.477368728828878,88.47995676439768,5.396551961051092,95.25371815748666,0.39102197036846825,1.7641815162416312
14.036363636363635,5.492868526779773,88.4838401051998,5.411616897098438,95.24745055245616,0.39111247653856107,1.7566475322467017
14.072727272727272,5.508375242527734,88.48770325303171,5.426687468008068,95.24119597903899,0.3912030015906259,1.7491634223632326
14.10909090909091,5.523888878431876,88.49154636370139,5.441763675782247,95.23495442105225,0.391293545598084,1.741728735205836
14.145454545454545,5.539409436849383,88.49536959141619,5.456845522421153,95.22872586180486,0.391384108633538,1.7343430245492775
14.181818181818182,5.554936920135447,88.4991730888035,5.471933009922915,95.22251028411056,0.3914746907687883,1.727005849257181
14.21818181818182,5.570471330643386,88.50295700693081,5.487026140283644,95.2163076703005,0.39156529207484925,1.7197167732118843
14.254545454545454,5.586012670724358,88.5067214953256,5.502124915497461,95.2101180022356,0.3916559126219647,1.7124753652454299
14.290909090909093,5.601560942727758,88.5104667019949,5.517229337556542,95.20394126131879,0.3917465524796238,1.7052811990716663
14.327272727272728,5.617116149000822,88.51419277344462,5.532339408451134,95.19777742850661,0.39183721171657593,1.6981338532194414
14.363636363636363,5.632678291888851,88.51789985469841,5.547455130169596,95.19162648432099,0.3919278904008457,1.6910329109668674
14.4,5.648247373735273,88.5215880893165,5.562576504698432,95.18548840886054,0.39201858859974753,1.6839779602766367
14.436363636363636,5.6638233968812415,88.52525761941396,5.5777035340223104,95.17936318181162,0.3921093063798999,1.6769685937323706
14.472727272727273,5.679406363666146,88.52890858567893,5.592836220124105,95.17325078245926,0.39220004380723933,1.6700044084759817
14.50909090909091,5.694996276427219,88.53254112739045,5.607974564984916,95.16715118969775,0.39229080094703433,1.6630850061460305
14.545454545454543,5.710593137499643,88.53615538243602,5.6231185705841025,95.16106438204108,0.3923815778638986,1.6562099928170597
14.581818181818182,5.726196949216671,88.53975148732896,5.638268238899315,95.15499033763311,0.39247237462180434,1.649378978939887
14.61818181818182,5.741807713909452,88.5433295772255,5.653423571906512,95.14892903425753,0.3925631912840954,1.6425915792828405
14.654545454545454,5.757425433907031,88.54688978594154,5.668584571579996,95.14288044934769,0.3926540279134996,1.6358474128739178
14.690909090909091,5.77305011153652,88.55043224596928,5.683751239892444,95.13684455999602,0.3927448845721418,1.6291461029438539
14.727272727272728,5.788681749122816,88.55395708849346,5.698923578814922,95.13082134296351,0.39283576132155534,1.6224872768700809
14.763636363636364,5.804320348988881,88.55746444340751,5.714101590316922,95.12481077468877,0.39292665822269474,1.6158705661215627
14.8,5.819965913455576,88.56095443932941,5.729285276366383,95.11881283129706,0.39301757533594717,1.6092956062044905
14.836363636363636,5.835618444841543,88.56442720361719,5.744474638929717,95.11282748860897,0.39310851272114394,1.602762036608823
14.872727272727271,5.851277945463437,88.56788286238445,5.759669679971834,95.10685472214908,0.39319947043757186,1.5962695007556555
14.909090909090908,5.866944417635864,88.57132154051541,5.77487040145617,95.10089450715432,0.39329044854398454,1.5898176459454045
14.945454545454544,5.882617863671214,88.57474336167992,5.790076805344703,95.0949468185822,0.393381447098613,1.5834061233067926
14.981818181818182,5.898298285879832,88.57814844834816,5.805288893597987,95.08901163111884,0.3934724661591766,1.5770345877466196
15.018181818181818,5.913985686569902,88.58153692180507,5.820506668175166,95.08308891918684,0.3935635057828934,1.570702697900306
15.054545454545456,5.929680068047446,88.5849089021648,5.8357301310340075,95.07717865695302,0.39365456602649057,1.5644101160831956
15.090909090909092,5.9453814326163865,88.58826450838465,5.850959284130914,95.07128081833598,0.39374564694621433,1.5581565082426023
15.127272727272729,5.961089782578597,88.59160385827903,5.866194129420955,95.0653953770134,0.3938367485978401,1.5519415439105912
15.163636363636364,5.976805120233621,88.59492706853317,5.881434668857884,95.05952230642939,0.3939278710366821,1.5457648961574775
15.2,5.992527447878956,88.59823425471654,5.896680904394164,95.05366157980143,0.3940190143176029,1.539626241546033
15.236363636363636,6.0082567678099394,88.6015255312962,5.911932837980984,95.04781317012741,0.3941101784950229,1.5335252600863873
15.272727272727272,6.023993082319635,88.60480101164988,5.927190471568285,95.04197705019234,0.3942013636229294,1.527461635191612
15.309090909090909,6.039736393699002,88.60806080807895,5.94245380710478,95.03615319257501,0.39429256975488575,1.5214350536339742
15.345454545454546,6.055486704236841,88.61130503182109,5.957722846537971,95.0303415696545,0.39438379694404024,1.5154452055018515
15.38181818181818,6.071244016219737,88.61453379306288,5.972997591814172,95.02454215361647,0.39447504524313487,1.5094917841572917
15.418181818181818,6.087008331931997,88.61774720095221,5.988278044878537,95.01875491645946,0.39456631470451364,1.5035744861942117
15.454545454545457,6.102779653655773,88.62094536361045,6.00356420767506,95.01297983000097,0.3946576053801312,1.4976930113972213
15.49090909090909,6.118557983671053,88.62412838814446,6.018856082146613,95.00721686588335,0.3947489173215612,1.491847062701061
15.527272727272727,6.1343433242554966,88.62729638065855,6.034153670234959,95.00146599557974,0.394840250580004,1.4860363461506445
15.563636363636364,6.1501356776845455,88.63044944626604,6.04945697388077,94.99572719039966,0.3949316052062949,1.4802605708616972
15.6,6.165935046231539,88.63358768910096,6.064765995023644,94.9900004214947,0.39502298125091206,1.474519448981975
15.636363636363637,6.181741432167371,88.63671121232927,6.080080735602131,94.98428565986393,0.395114378763984,1.4688126956530614
15.672727272727272,6.197554837760833,88.63982011816016,6.09540119755374,94.97858287635928,0.395205797795297,1.463140028972724
15.709090909090907,6.213375265278387,88.64291450785711,6.110727382814969,94.97289204169078,0.39529723839430303,1.4575011699578313
15.745454545454546,6.229202716984219,88.6459944817488,6.126059293321314,94.96721312643169,0.39538870061012643,1.4518958425078092
15.78181818181818,6.245037195140242,88.64906013923982,6.141396931007284,94.96154610102346,0.3954801844915714,1.4463237733686383
15.818181818181818,6.260878702006153,88.6521115788213,6.156740297806436,94.95589093578076,0.39557169008712895,1.4407846920973755
15.854545454545455,6.276727239839204,88.65514889808142,6.172089395651366,94.95024760089618,0.3956632174449837,1.4352783310271953
15.89090909090909,6.292582810894544,88.65817219371571,6.187444226473747,94.94461606644495,0.39575476661302084,1.4298044252329396
15.927272727272728,6.308445417424878,88.66118156153716,6.202804792204336,94.93899630238961,0.3958463376388328,1.4243627124971703
15.963636363636365,6.324315061680636,88.66417709648636,6.218171094772993,94.93338827858447,0.39593793056972554,1.4189529332767128
16.0,6.34019174590992,88.66715889264132,6.233543136108694,94.92779196478001,0.39602954545272523,1.413574830669685
16.036363636363635,6.356075472358498,88.67012704322732,6.248920918139553,94.92220733062722,0.39612118233458443,1.4082281503830025
16.072727272727274,6.37196624326981,88.67308164062648,6.264304442792831,94.91663434568177,0.3962128412617884,1.4029126407003536
16.10909090909091,6.387864060884965,88.67602277638727,6.279693711994954,94.91107297940823,0.3963045222805612,1.3976280524506328
16.145454545454545,6.403768927442684,88.67895054123393,6.295088727671531,94.90552320118405,0.39639622543687153,1.3923741389768303
16.181818181818183,6.419680845179357,88.68186502507571,6.310489491747369,94.89998498030354,0.39648795077643895,1.3871506561053644
16.21818181818182,6.435599816329045,88.68476631701596,6.325896006146479,94.89445828598174,0.3965796983447394,1.3819573621158556
16.254545454545454,6.451525843123363,88.68765450536118,6.341308272792105,94.88894308735816,0.39667146818701093,1.3767940177113291
16.29090909090909,6.46745892779154,88.69052967762983,6.3567262936067275,94.88343935350059,0.39676326034825954,1.3716603859888437
16.327272727272728,6.483399072560417,88.69339192056124,6.372150070512084,94.87794705340865,0.3968550748732643,1.3665562324105363
16.363636363636363,6.49934627965456,88.69624132012407,6.387579605429178,94.87246615601731,0.39694691180658315,1.361481324775078
16.4,6.515300551295979,88.69907796152505,6.403014900278297,94.86699663020048,0.397038771192558,1.3564354331895347
16.436363636363637,6.5312618897043535,88.70190192921719,6.418455956979029,94.8615384447743,0.39713065307532003,1.3514183300416227
16.472727272727273,6.54723029709686,88.70471330690823,6.4339027774502675,94.85609156850049,0.39722255749879487,1.3464297899723574
16.509090909090908,6.5632057756883455,88.70751217756886,6.449355363610233,94.85065597008962,0.39731448450670764,1.3414695898490856
16.545454545454547,6.579188327691156,88.71029862344064,6.464813717376485,94.8452316182043,0.3974064341425879,1.3365375087388964
16.581818181818182,6.5951779553152505,88.71307272604419,6.480277840665928,94.83981848146222,0.3974984064497746,1.331633327882404
16.618181818181817,6.611174660768086,88.71583456618696,6.495747735394838,94.8344165284393,0.39759040147142083,1.3267568306678974
16.654545454545456,6.627178446254675,88.71858422397099,6.511223403478864,94.8290257276726,0.3976824192504987,1.3219078026058504
16.69090909090909,6.64318931397753,88.72132177880067,6.526704846833043,94.8236460476632,0.39777445982980375,1.3170860313037855
16.727272727272727,6.659207266136832,88.72404730939024,6.542192067371818,94.81827745687914,0.3978665232519599,1.312291306441488
16.763636363636362,6.675232304930034,88.72676089377134,6.557685067009044,94.81291992375816,0.3979586095594237,1.307523419746563
16.8,6.691264432552259,88.72946260930027,6.573183847658005,94.80757341671041,0.3980507187944886,1.30278216497033
16.836363636363636,6.707303651196241,88.73215253266542,6.5886884112314235,94.80223790412111,0.39814285099928987,1.2980673378640508
16.87272727272727,6.72334996305193,88.73483073989438,6.604198759641473,94.7969133543532,0.39823500621580826,1.2933787361554847
16.90909090909091,6.739403370306945,88.73749730636102,6.619714894799793,94.79159973574986,0.39832718448587473,1.2887161595257657
16.945454545454545,6.755463875146404,88.74015230679254,6.635236818617493,94.78629701663696,0.39841938585117437,1.2840794095865968
16.98181818181818,6.7715314797528094,88.74279581527641,6.650764533005174,94.78100516532562,0.3985116103532505,1.2794682898577567
17.01818181818182,6.787606186306164,88.74542790526714,6.6662980398729355,94.77572415011447,0.3986038580335088,1.2748826057449139
17.054545454545455,6.803687996983854,88.74804864959302,6.681837341130383,94.77045393929201,0.398696128933221,1.270322164517742
17.09090909090909,6.81977691396088,88.75065812046284,6.697382438686647,94.76519450113894,0.3987884230935292,1.2657867752883352
17.12727272727273,6.835872939409569,88.7532563894724,6.71293333445039,94.7599458039303,0.3988807405554494,1.261276248989914
17.163636363636364,6.851976075499636,88.755843527611,6.728490030329814,94.75470781593772,0.3989730813598754,1.256790398355822
17.2,6.868086324398291,88.7584196052679,6.744052528232681,94.74948050543155,0.39906544554758244,1.2523290378988046
17.236363636363638,6.884203688270191,88.76098469223861,6.759620830066315,94.74426384068286,0.3991578331592309,1.2478919838905687
17.272727272727273,6.900328169277316,88.76353885773105,6.775194937737616,94.73905778996557,0.39925024423537003,1.2434790543416174
17.30909090909091,6.916459769579092,88.7660821703719,6.790774853153072,94.73386232155835,0.39934267881644114,1.2390900689813555
17.345454545454544,6.932598491332328,88.76861469821252,6.806360578218767,94.72867740374664,0.39943513694278154,1.2347248492384617
17.381818181818183,6.948744336691277,88.77113650873504,6.821952114840394,94.72350300482451,0.3995276186546277,1.2303832182215246
17.418181818181818,6.964897307807405,88.77364766885829,6.83754946492326,94.71833909309647,0.39962012399211866,1.2260650006999363
17.454545454545453,6.981057406829791,88.77614824494364,6.853152630372305,94.71318563687939,0.3997126529952995,1.2217700230850408
17.490909090909092,6.997224635904672,88.7786383028008,6.868761613092106,94.70804260450417,0.3998052057041244,1.2174981134115346
17.527272727272727,7.013398997175671,88.78111790769357,6.884376414986884,94.70290996431753,0.3998977821584601,1.213249101319113
17.563636363636363,7.02958049278385,88.78358712434542,6.899997037960521,94.69778768468365,0.399990382398089,1.2090228180343596
17.6,7.0457691248674905,88.78604601694511,6.91562348391657,94.69267573398585,0.40008300646271205,1.2048190963528773
17.636363636363637,7.061964895562312,88.78849464915223,6.931255754758255,94.68757408062824,0.40017565439195235,1.2006377706216524
17.672727272727272,7.07816780700125,88.79093308410253,6.946893852388492,94.6824826930372,0.40026832622535774,1.1964786767216538
17.70909090909091,7.094377861314683,88.79336138441342,6.962537778709894,94.67740153966302,0.400361022002404,1.1923416520506587
17.745454545454546,7.110595060630203,88.79577961218921,6.978187535624774,94.67233058898131,0.4004537417624977,1.1882265355063062
17.78181818181818,7.126819407072617,88.79818782902635,6.993843125035167,94.66726980949454,0.4005464855449792,1.1841331674693707
17.818181818181817,7.14305090276423,88.80058609601856,7.009504548842831,94.66221916973343,0.4006392533891255,1.180061389787255
17.854545454545455,7.15928954982445,88.80297447376213,7.025171808949258,94.65717863825836,0.4007320453341529,1.176011045757699
17.89090909090909,7.175535350370012,88.80535302236076,7.040844907255679,94.65214818366074,0.4008248614192201,1.171981980112701
17.927272727272726,7.19178830651498,88.8077218014306,7.056523845663083,94.64712777456431,0.40091770168343055,1.1679740390026456
17.963636363636365,7.208048420370574,88.81008087010532,7.072208626072217,94.6421173796265,0.4010105661658354,1.1639870699806412
18.0,7.224315694045345,88.81243028704078,7.087899250383597,94.63711696753961,0.4011034549054362,1.160020921987057
18.036363636363635,7.240590129645,88.81477011041999,7.103595720497519,94.63212650703215,0.4011963679411872,1.1560754453342625
18.072727272727278,7.256871729272575,88.81710039795777,7.119298038314068,94.62714596686999,0.4012893053119983,1.152150491691562
18.10909090909091,7.273160495028264,88.81942120690553,7.1350062057331165,94.62217531585749,0.40138226705673735,1.1482459140703232
18.145454545454545,7.289456429009476,88.82173259405583,7.150720224654353,94.61721452283876,0.4014752532142328,1.1443615668092986
